{
	"description": "项目配置文件。",
	"packOptions": {
		"ignore": [
			{
				"type": "folder",
				"value": "uploads"
			},
			{
				"type": "folder",
				"value": "assets"
			}
		]
	},
	"setting": {
		"urlCheck": false,
		"es6": true,
		"postcss": true,
		"minified": true,
		"newFeature": true
	},
	"compileType": "miniprogram",
	"libVersion": "2.2.2",
	"appid": "wxee45a13154bdc85f",
	"projectname": "%E6%91%B8%E5%AE%9D",
	"isGameTourist": false,
	"condition": {
		"search": {
			"current": -1,
			"list": []
		},
		"conversation": {
			"current": -1,
			"list": []
		},
		"game": {
			"currentL": -1,
			"list": []
		},
		"miniprogram": {
			"current": -1,
			"list": []
		}
	}
}